cell,clonotype,heavy_chain_isotype,heavy_chain_seq,heavy_chain_v_allele,light_chain_seq,light_chain_v_allele
AAAGCAAGTGTTCTTT-1,Clonotype_1036,IGHM,CAGGTGCAGCTGCAGGAGTCGGGCCCAGGACTGGTGAAGCCTTCGGAGACCCTGTCCCTCACCTGCACCGTCTCTGGTTACTCTATCAGCAGTGGTTACTACTGGGGCTGGATCCGGCAGCCCCCGGGGAAGGGGCTGGAGTGGATTGCGACTATCCATCATAGTGGGAGCACCTACTACAACCCGTCCCTCAAGAGTCGAGTCACCATATCAGTAAACACGTCCAAGAACCAGTTCTCCCTGAAGCTGAGCTCTGTGACCGCCGCAGACACGGCCGTGTATTACTGTGCGAGAGGCCTTTACCATGATAGTAGTGGTCAGAGGACCGATGGTTCTGACTACTGGGGCCAGGGAACCCTGGTCACTGTCTCCTCAG,IGHV4-38-2,CAGTCTGCCCTGACTCAGCCTGCCTCCGTGTCTGGGTCTCCTGGACAGTCGATCACCATCTCCTGCACTGGAACCAGCAGTGACGTTGGTGGTTATAAGTATGTCTCCTGGTACCAACAGCACCCAGGCAAAGCCCCCAAACTCATGATTTATGAGGTCAGTAATCGGCCCTCAGGGGTTTCTAATCGCTTCTCTGGCTCCAAGTCTGGCAACACGGCCTCCCTGACCATCTCTGGGCTCCAGGCTGAGGACGAGGCTGATTATTACTGCAGCTCATATACAAGCACCGCCACTCTGGTATTCGGCGGAGGGACCAAACTGACCGTCCTAG,IGLV2-14
AAAGCAAGTTGGACCC-1,Clonotype_1050,IGHG1,GAGGTGCAACTGGTGGAGTCCGGGGGAGGCTTGGTCCAGCCTGGGGGGTCCCTGAAACTCTCCTGTGCAGCCTCTGGGTTCGCCTTCAGTGACTCTCCTATGCACTGGGTCCGCCAGGCTCCCGGGAAAGGGCTGGAGTGGGTTGGTCGTATAAGAAGAAAAGCAAACAATTACGCGACAGAATATGCTGCGTCGGTGAAAGGCAGGTTCACCATCTCCAGAGATGATTCAAAGAACACGGCGTCTCTGTTTATGAACAGCCTGACAAACGAGGACACGGCCCTGTATTTCTGTACTCGTGAAAAAGGGTGGGACCAACTCCGTTCTTTCGATCTCTGGGGCCAAGGGACTATGGTCATCGTCTCTGCAG,IGHV3-73,GATATTGTGATGACTCAGTCTCCACTCTCCCTGCCCGTCACCCCTGGAGAGCCGGCCTCCATCTCCTGCAGGTCTAGTCAGAGCCTCCTGAATAGTAATGGATACAACTATTTGGATTGGTACCTGCAGAAGCCAGGGCGGTCTCCACAGCTCCTGATCTATTTGGGTTCTATTCGGGCCTCCGGGGTCCCTGACAGGTTTAGTGGCAGTGGATCAGGCACAGACTTTACACTGAAAATCAGCAGAGTGGAGGCTGAGGATGTTGGGGTTTATTACTGCATGCAAGCTCTACAAACTCCTCCGGCGTTCGGGCAAGGGACCAAGGTGGAAATCAAAC,IGKV2-28
AAAGCAATCCCTCTTT-1,Clonotype_1088,IGHM,CAGGTCACCTTGAAGGAGTCTGGTCCTGTGCTGGTGAAACCCACAGAGACCCTCACGCTGACCTGCACCGTCTCTGGGTTCTCACTCAGCAATGCTAGAATGGGTGTGAGCTGGATCCGTCAGCCCCCAGGGAAGGCCCTGGAGTGGCTTGCACACATTTTTTCGAATGACGAAAAATCCTACAGCACATCTCTGAAGAGCAGGCTCACCATCTCCAAGGACACCTCCAAAAGCCAGGTGGTCCTTACCATGACCAACATGGACCCTGTGGACACAGCCACATATTACTGTGCACGGATCGGTGGTGGCACGTATTACTATGATAGTAGTGGTTATCATGACTACTGGGGCCAGGGAACCCTGGTCACCGTCTCCTCAG,IGHV2-26,GAAATTGTGTTGACGCAGTCTCCAGCCACCCTGTCTTTGTCTCCAGGGGAAAGAGCCACCCTCTCCTGCGGGGCCAGTCAGAGTGTTAGCAGCAGCTACTTAGCCTGGTACCAGCAGAAACCTGGCCTGGCGCCCAGGCTCCTCATCTATGATGCATCCAGCAGGGCCACTGGCATCCCAGACAGGTTCAGTGGCAGTGGGTCTGGGACAGACTTCACTCTCACCATCAGCAGACTGGAGCCTGAAGATTTTGCAGTGTATTACTGTCAGCAGTATGGTAGCTCACCTCGGACGTTCGGCCAAGGGACCAAGGTGGAAATCAAAC,IGKV3D-20
ACGGCCAGTGCCTGCA-1,Clonotype_1036,IGHM,CAGGTGCAGCTGCAGGAGTCGGGCCCAGGACTGGTGAAGCCTTCGGAGACCCTGTCCCTCACCTGCACCGTCTCTGGTTACTCTATCAGCAGTGGTTACTACTGGGGCTGGATCCGGCAGCCCCCGGGGAAGGGGCTGGAGTGGATTGCGACTATCCATCATAGTGGGAGCACCTACTACAACCCGTCCCTCAAGAGTCGAGTCACCATATCAGTAAACACGTCCAAGAACCAGTTCTCCCTGAAGCTGAGCTCTGTGACCGCCGCAGACACGGCCGTGTATTACTGTGCGAGAGGCCTTTACCATGATAGTAGTGGTCAGAGGACCGATGGTTCTGACTACTGGGGCCAGGGAACCCTGGTCACTGTCTCCTCAG,IGHV4-38-2,CAGTCTGCCCTGACTCAGCCTGCCTCCGTGTCTGGGTCTCCTGGACAGTCGATCACCATCTCCTGCACTGGAACCAGCAGTGACGTTGGTGGTTATAAGTATGTCTCCTGGTACCAACAGCACCCAGGCGAAGCCCCCAAACTCATGATTTATGAGGTCAGTAATCGGCCCTCAGGGGTTTCTAATCGCTTCTCTGGCTCCAAGTCTGGCAACACGGCCTCCCTGACCATCTCTGGGCTCCAGGCTGAGGACGAGGCTGATTATTACTGCAGCTCATATACAAGCACCGCCACTCTGGTATTCGGCGGAGGGACCAAACTGACCGTCCTAG,IGLV2-14
AGTTGGTTCCACTGGG-1,Clonotype_1036,IGHD,GAGGTGCAGCTGGTGGAGTCCGGGGGAGGCTTAGTTCAGCCTGGGGGGTCCCTGAGACTCTCCTGTGCAGCCTCTGGATTCACCTTCAGTAGCTACTGGATGCACTGGGTCCGCCAAGCTCCAGGGAAGGGGCTGGTGTGGGTCTCACGTATTAATAGTGATGGGAGTAGCACAAGCTACGCGGACTCCGTGAAGGGCCGATTCACCATCTCCAGAGACAACGCCAAGAACACGCTGTATCTGCAAATGAACAGTCTGAGAGCCGAGGACACGGCTGTGTATTACTGTGCAAGAGATGGTTACTATGATAGTAGTGCCCATTTGGTCTGGGGCCAGGGAACCCTGGTCACCGTCTCCTCAG,IGHV3-74,GACATCCAGATGACCCAGTCTCCTTCCACCCTGTCTGCATCTGTAGGAGACAGAGTCACCATCACTTGCCGGGCCAGTCAGAGTATTAGTAGCTGGTTGGCCTGGTATCAGCAGAAACCAGGGAAAGCCCCTAAGCTCCTGATCTATAAGGCATCTAGTTTAGAAAGTGGGGTCCCATCAAGGTTCAGCGGCAGTGGATCTGGGACAGAATTCACTCTCACCATCAGCAGCCTGCAGCCTGATGATTTTGCAACTTATTACTGCCAACAGTATAATAGTTATTCGTGGACGTTCGGCCAAGGGACCAAGGTGGAAATCAAAC,IGKV1-5
ATCACGAAGGTGACCA-1,Clonotype_1036,IGHM,CAGCTGCAGCTGCAGGAGTCGGGCCCAGGACTGGTGAAGCCTTCGGAGACCCTGTCCCTCACCTGCACTGTCTCTGGTGGCTCCATCAGCAGTAGTAGTTACTACTGGGGCTGGATCCGCCAGCCCCCAGGGAAGGGGCTGGAGTGGATTGGGAGTATCTATTATAGTGGGAGCACCTACTACAACCCGTCCCTCAAGAGTCGAGTCACCATATCCGTAGACACGTCCAAGAACCAGTTCTCCCTGAAGCTGAGCTCTGTGACCGCCGCAGACACGGCTGTGTATTACTGTGCGAGACTTCGATACTATGGTTCAGGGAGTTATTCCGACTACTACTACTACGGTATGGACGTCTGGGGCCAAGGGACCACGGTCACCGTCTCCTCAG,IGHV4-39,TCCTATGAGCTGACACAGCCACCCTCGGTGTCAGTGTCCCCAGGACAGACGGCCAGGATCACCTGCTCTGGAGATGCATTGCCAAAGCAATATGCTTATTGGTACCAGCAGAAGCCAGGCCAGGCCCCTGTGCTGGTGATATATAAAGACAGTGAGAGGCCCTCAGGGATCCCTGAGCGATTCTCTGGCTCCAGCTCAGGGACAACAGTCACGTTGACCATCAGTGGAGTCCAGGCAGAAGACGAGGCTGACTATTACTGTCAATCAGCAGACAGCAGTGGTACCTTCGTATTCGGCGGAGGGACCAAGCTGACCGTCCTAG,IGLV3-25
ATGTGTGTCAGGATCT-1,Clonotype_1036,IGHG1,CAGGTGCAGCTGCAGGAGTCGGGCCCAGGACTGGTGAAGCCTTCGGAGACCCTGTCCCTCACCTGCACCGTCTCTGGTTACTCTATCAGCAGTGGTTACTACTGGGGCTGGATCCGGCAGCCCCCGGGGAAGGGGCTGGAGTGGATTGCGACTATCCATCATAGTGGGAGCACCTACTACAACCCGTCCCTCAAGAGTCGAGTCACCATATCAGTAAACACGTCCAAGAACCAGTTCTCCCTGAAGCTGAGCTCTGTGACCGCCGCAGACACGGCCGTGTATTACTGTGCGAGAGGCCTTTACCATGATAGTAGTGGTCAGAGGACCGATGGTTCTGACTACTGGGGCCAGGGAACCCTGGTCACTGTCTCCTCAG,IGHV4-38-2,CAGTCTGCCCTGACTCAGCCTGCCTCCGTGTCTGGGTCTCCTGGACAGTCGATCACCATCTCCTGCACTGGAACCAGCAGTGACGTTGGTGGTTATAAGTATGTCTCCTGGTACCAACAGCACCCAGGCAAAGCCCCCAAACTCATGATTTATGAGGTCAGTAATCGGCCCTCAGGGGTTTCTAATCGCTTCTCTGGCTCCAAGTCTGGCAACACGGCCTCCCTGACCATCTCTGGGCTCCAGGCTGAGGACGAGGCTGATTATTACTGCAGCTCATATACAAGCACCGCCACTCTGGTATTCGGCGGAGGGACCAAACTGACCGTCCTGG,IGLV2-14
ATTATCCCAGATGGCA-1,Clonotype_1036,IGHG1,CAGGTGCAGCTGCAGGAGTCGGGCCCAGGACTGGTGAAGCCTTCGGAGACCCTGTCCCTCACCTGCACCGTCTCTGGTTACTCTATCACCAGTGGTTACTACTGGGGCTGGATCCGGCAGCCCCCGGGGAAGGGGCTGGAGTGGATTGCGACTATCCATCATAGTGGGAGCACCTACTACAACCCGTCCCTCAAGAGTCGAGTCACCATATCAGTAAACACGTCCAAGAACCAGTTCTCCCTGAAGCTGAGCTCTGTGACCGCCGCAGACACGGCCGTGTATTACTGTGCGAGAGGCCTTTACCATGATAGTCGTGGTCAGAGGACCGATGGTTCTGACTACTGGGGCCAGGGAACCCTGGTCACTGTCTCCTCAG,IGHV4-38-2,CAGTCTGCCCTGACTCAGCCTGCCTCCGTGTCTGGGTCTCCTGGACAGTCGATCACCATCTCCTGCACTGGAACCAGCAGTGACGTTGGTGGTTATAAGTATGTCTCCTGGTACCAACAGCACCCAGGCAAAGCCCCCAAACTCATGATTTATGAGGTCAGTAATCGGCCCTCAGGGGTTTCTAATCGCTTCTCTGGCTCCAAGTCTGGCAACACGGCCTCCCTGACCATCTCTGGGCTCCAGGCTGAGGACGAGGCTGATTATTACTGCAGCTCATATACAAGCTCCGCCACTCTGCTTTTCGGCGGAGGGACCAAACTGACCGTCCTAG,IGLV2-14
CAACTAGGTAGCGTAG-1,Clonotype_1050,IGHG1,GAGGTGCAGCTGGTGGAGTCCGGGGGAGGCTTGGTCCAGCCTGGGGGGTCCCTGAAACTCTCCTGTGCAGCCTCTGGGTTCGCCTTCAGTGACTCTCCTATGCACTGGGTCCGCCAGGCTCCCGGGAAAGGGCTGGAGTGGGTTGGTCGTATAAGAAGAAAAGCAAACAATTACGCGACAGAATATGCTGCGTCGGTGAAAGGCAGGTTCACCATCTCCAGAGATGATTCAAAGAACACGGCGTCTCTGTTTATGAACAGCCTGACAAACGAGGACACGGCCCTGTATTTCTGTACTCGTGAGAAAGGGTGGGACCAACTACGTTCTTTCGATCTCTGGGGCCAAGGGACTATGGTCATCGTCTCTGCAG,IGHV3-73,GATATTGTGATGACTCAGTCTCCACTCTCCCTGCCCGTCACCCCTGGAGAGCCGGCCTCCATCTCCTGCAGGTCTAGTCAGAGCCTCCTGAATAGTAATGGATACAACTATTTGGATTGGTACCTGCAGAAGCCAGGGCGGTCTCCACAGCTCCTGATCTATTTGGGTTCTATTCGGGCCTCCGGGGTCCCTGACAGGTTCAGTGGCAGTGGATCAGGCACAGACTTTACACTGAAAATCAGCAGAGTGGAGGCTGAGGATGTTGGGGTTTATTACTGCATGCAAGCTCTACAAACTCCTCCGGCGTTCGGGCAAGGGACCAAGGTGGAAATCAAAC,IGKV2-28
CACAGGCAGCTGTCTA-1,Clonotype_1050,IGHG1,GAGGTGCAACTGGTGGAGTCCGGGGGAGGCTTGGTCCAGCCTGGGGGGTCCCTGAAACTCTCCTGTGCAGCCTCTGGGTTCGCCTTCAGTGACTCTCCTATGCACTGGGTCCGCCAGGCTCCCGGGAAAGGGCTGGAGTGGGTTGGTCGTATAAGAAGAAAAGCAAACAATTACGCGACAGAATATGCTGCGTCGGTGAAAGGCAGGTTCACCATCTCCAGAGATGATTCAAAGAACACGGCGTCTCTGTTTATGAACAGCCTGACAAACGAGGACACGGCCCTGTATTTCTGTACTCGTGAAAAAGGGTGGGACCAACTCCGTTCTTTCGATCTCTGGGGCCAAGGGACTATGGTCATCGTCTCTGCAG,IGHV3-73,GATATTGTGATGACTCAGTCTCCACTCTCCCTGCCCGTCACCCCTGGAGAGCCGGCCTCCATCTCCTGCAGGTCTAGTCAGAGCCTCCTGAATAGTAATGGATACAACTATTTGGATTGGTACCTGCAGAAGCCAGGGCGGTCTCCACAGCTCCTGATCTATTTGGGTTCTATTCGGGCCTCCGGGGTCCCTGACAGGTTTAGTGGCAGTGGATCAGGCACAGACTTTACACTGAAAATCAGCAGAGTGGAGGCTGAGGATGTTGGGGTTTATTACTGCATGCAAGCTCTACAAACTCCTCCGGCGTTCGGGCAAGGGACCAAGGTGGAAATCAAAC,IGKV2-28
CAGCTGGAGGCAATTA-1,Clonotype_1036,IGHM,CAGGTGCAGCTGCAGGAGTCGGGCCCAGGACTGGTGAAGCCTTCGGAGACCCTGTCCCTCACCTGCACCGTCTCTGGTTACTCTATCAGCAGTGGTTACTACTGGGGCTGGATCCGGCAGCCCCCGGGGAAGGGGCTGGAGTGGATTGCGACTATCCATCATAGTGGGAGCACCTACTACAACCCGTCCCTCAAGAGTCGAGTCACCATATCAATAAACACGTCCAAGAACCAGTTCTCCCTGAACCTGAGCTCTGTGACCGCCGCAGACACGGCCGTGTATTACTGTGCGAGAGGCCTTTACTATGATAGTAGTGGTCAGAGGACCGATGGTTCTGACTACTGGGGCCAGGGAACCCTGGTCACTGTCTCCTCAG,IGHV4-38-2,CAGTCTGCCCTGACTCAGCCTGCCTCCGTGTCTGGGTCTCCTGGACAGTCGATCACCATCTCCTGCACTGGAACCAGCAGTGACGTTGGTGGTTATAACTATGTCTCCTGGTATCAACAGCACCCAGGCAAAGCCCCCAAACTCATGATTTATGAGGTCAATAATCGGCCCTCAGGGGTTTCTAATCGCTTCTCTGGCTCCAAGTCTGGCAACACGGCCTCCCTGACCATCTCTGGGCTCCAGGCTGAGGACGAGGCTGATTATTACTGCAGCTCATATACAAGCACCGCCACTCTGGTATTCGGCGGAGGGACCAAACTGACCGTCCTAG,IGLV2-14
CAGTCCTCATCAGTAC-1,Clonotype_1036,IGHM,CAGGTGCAGCTGCAGGAGTCGGGCCCAGGACTGGTGAAGCCTTCGGAGACCCTGTCCCTCACCTGCACCGTCTCTGGTTACTCTATCAGCAGTGGTTACTACTGGGGCTGGATCCGGCAGCCCCCGGGGAAGGGGCTGGAGTGGATTGCGACTATCCATCATAGTGGGAGCACCTACTACAACCCGTCCCTCAAGAGTCGAGTCACCATATCAGTAAACACGTCCAAGAACCAGTTCTCCCTGAAGCTGAGCTCTGTGACCGCCGCAGACACGGCCGTGTATTACTGTGCGAGAGGCCTTTACCATGATAGTAGTGGTCAGAGGACCGATGGTTCTGACTACTGGGGCCAGGGAACCCTGGTCACTGTCTCCTCAG,IGHV4-38-2,CAGTCTGCCCTGACTCAGCCTGCCTCCGTGTCTGGGTCTCCTGGACAGTCGATCACCATCTCCTGCACTGGAACCAGCAGTGACGTTGGTGGTTATAAGTATGTCTCCTGGTACCAACAGCACCCAGGCAAAGCCCCCAAACTCATGATTTATGAGGTCAGTAATCGGCCCTCAGGGGTTTCTAATCGCTTCTCTGGCTCCAAGTCTGGCAACACGGCCTCCCTGACCATCTCTGGGCTCCAGGCTGAGGACGAGGCTGATTATTACTGCAGCTCATATACAAGCACCGCCACTCTGGTATTCGGCGGAGGGACCAAACTGACCGTCCTAG,IGLV2-14
CATCAGATCACTCTTA-1,Clonotype_1050,IGHG1,GAGGTGCAGCTGGTGGAGTCCGGGGGAGGCTTGGTCCAGCCTGGGGGGTCCCTGAAACTCTCCTGTGCAGCCTCTGGGTTCGCCTTCAGTGACTCTCCTATGCACTGGGTCCGCCAGGCTCCCGGGAAAGGGCTGGAGTGGGTTGGTCGTATAAGAAGAAAAGCAAACAATTACGCGACAGAATATGCTGCGTCGGTGAAGGGCAGGTTCACCATCTCCAGAGATGATTCAAAGAACACGGCGTCTCTGTTTATGAACGGCCTGACAAACGAGGACACGGCCCTATATTTCTGTACTCGTGAAAAAGGGTGGGACCAACTACGTTCTTTCGATCTCTGGGGCCAAGGGACTATGGTCATCGTCTCTGCAG,IGHV3-73,GATATTGTGATGACTCAGTCTCCACTCTCCCTGCCCGTCACCCCTGGAGAGCCGGCCTCCATCTCCTGCAGGTCTAGTCAGAGCCTCCTGAATAGTAATGGATACAACTATTTGGATTGGTACCTGCAGAAGCCAGGGCGGTCTCCACAGCTCCTGATCTATTTGGGTTCTATTCGGGCCTCCGGGGTCCCTGACAGGTTCAGTGGCAGTGGATCAGGCACAGACTTTACACTGAAAATCAGCAGAGTGGAGGCTGAGGATGTTGGGGTTTATTACTGCATGCAAGCTCTACAAACTCCTCCGGCGTTCGGCCAAGGGACCAAGGTGGAAATCAAAC,IGKV2-28
CCTTTCTTCTGGTATG-1,Clonotype_1050,IGHG1,GAGGTGCAGCTGGTGGAGTCCGGGGGAGGCTTGGTCCAGCCGGGGGGGTCCCTGAAACTCTCCTGTGCAGCCTCTGGGTTCGCCTTCAGTGACTCTCCTATGCACTGGGTCCGCCAGGCTCCCGGGAAAGGGCTGGAGTGGGTTGGTCGTATAAGAAGAAAAGCAAACAATTACGCGACAGAATATGCTGCGTCGGTGAAAGGCAGGTTCACCATCTCCAGAGATGATTCAAAGAACACGGCGTCTCTATTTATGAACAGCCTGACAAACGAGGACACGGCCCTGTATTTCTGTACTCGTGAAAAAGGGTGGGACCAACTACGTTCTTTCGATCTCTGGGGCCAAGGGACTATGGTCATCGTCTCTGCAG,IGHV3-73,GATATTGTGATGACTCAGTCTCCACTCTCCCTGCCCGTCACCCCTGGAGAGCCGGCCTCCATCTCCTGCAGGTCTAGTCAGAGCCTCCTGAATAGTAATGGATACAACTATTTGGATTGGTACCTGCAGAAGCCAGGGCGGTCTCCACAGCTCCTGATCTATTTGGGTTCTATTCGGGCCTCCGGGGTCCCTGACAGGTTCAGTGGCAGTGGATCAGGCACAGACTTTACACTGAAAATCAGCAGAGTGGAGGCTGAGGATGTTGGGGTTTATTACTGCATGCAAGCTCTACAAACTCCTCCGGCGTTCGGGCAAGGGACCAAGGTGGAAATCAAAC,IGKV2D-28
CGCCAAGCAATTCCTT-1,Clonotype_1050,IGHG1,GAGGTGCAGCTGGTGGAGTCCGGGGGAGGCTTGGTCCAGCCTGGGGGGTCCCTGAAACTCTCCTGTGCAGCCTCTGGGTTCGCCTTCAGTGACTCTCCTATGCACTGGGTCCGCCAGGCTCCCGGGAAAGGGCTGGAGTGGGTTGGTCGTATAAGAAGAAAAGCAAACAATTACGCGACAGAATATGCTGCGTCGGTGAAAGGCAGGTTCACCATTTCCAGAGATGATTCAAAGAACACGGCGTCTCTGTTTATGAACAGCCTGACAAACGAGGACACGGCCCTGTATTTCTGTACTCGTGAAAAAGGGTGGGACCAACTACGTTCTTTCGATCTCTGGGGCCAAGGGACTATGGTCATCGTCTCTGCAG,IGHV3-73,GATATTGTGATGACTCAGTCTCCACTCTCCCTGCCCGTCACCCCTGGAGAGCCGGCCTCCATCTCCTGCAGGTCTAGTCAGAGCCTCCTGAATAGTAATGGATACAACTATTTGGATTGGTACCTGCAGAAGCCAGGGCGGTCTCCACAGCTCCTGATCTATTTGGGTTCTATTCGGGCCTCCGGGGTCCCTGACAGGTTCAGTGGCAGTGGATCAGGCACAGACTTTACACTGAAAATCAGCAGAGTGGAGGCTGAGGATGTTGGGGTTTATTACTGCATGCAAGCTCTACAAACTCCTCCGGCGTTCGGGCAAGGGACCAAGGTGGAAATCAAAC,IGKV2-28
CTAGTGAGTCAGAATA-1,Clonotype_1036,IGHM,CAGGTGCAGCTGCAGGAGTCGGGCCCAGGACTGGTGAAGCCTTCGGAGACCCTGTCCCTCACCTGCACCGTCTCTGGTTACTCTATCAGCAGTGGTTACTACTGGGGCTGGATCCGGCAGCCCCCGGGGAAGGGGCTGGAGTGGATTGCGACTATCCATCATAGTGGGAGCACCTACTACAACCCGTCCCTCAAGAGTCGAGTCACCATATCAGTAAACACGTCCAAGAACCAGTTCTCCCTGAAGCTGAGCTCTGTGACCGCCGCAGACACGGCCGTGTATTACTGTGCGAGAGGCCTTTACCATGATAGTAGTGGTCAGAGGACCGATGGTTCTGACTACTGGGGCCAGGGAACCCTGGTCACTGTCTCCTCAG,IGHV4-38-2,CAGTCTGCCCTGACTCAGCCTGCCTCCGTGTCTGGGTCTCCTGGACAGTCGATCACCATCTCCTGCACTGGAACCAGCAGTGACGTTGGTGGTTATAAGTATGTCTCCTGGTACCAACAGCACCCAGGCAAAGCCCCCAAACTCATGATTTATGAGGTCAGTAATCGGCCCTCAGGGGTTTCTAATCGCTTCTCTGGCTCCAAGTCTGGCAACACGGCCTCCCTGACCATCTCTGGGCTCCAGGCTGAGGACGAGGCTGATTATTACTGCAGCTCATATACAAGCACCGCCACTCTGGTATTCGGCGGAGGGACCAAACTGACCGTCCTAG,IGLV2-14
CTGTTTAAGCTAGTTC-1,Clonotype_1050,IGHG1,GAGGTGCAGCTGGTGGAGTCCGGGGGAGGCTTGGTCCAGCCGGGGGGGTCCCTGAAACTCTCCTGTGCAGCCTCTGGGTTCGCCTTCAGTGACTCTCCTATGCACTGGGTCCGCCAGGCTCCCGGGAAAGGGCTGGAGTGGGTTGGTCGTATAAGAAGAAAAGCAAACAATTACGCGACAGAATATGCTGCGTCGGTGAAAGGCAGGTTCACCATCTCCAGAGATGATTCAAAGAACACGGCGTCTCTATTTATGAACAGCCTGACAAACGAGGACACGGCCCTGTATTTCTGTACTCGTGAAAAAGGGTGGGACCAACTACGTTCTTTCGATCTCTGGGGCCAAGGGACTATGGTCATCGTCTCTGCAG,IGHV3-73,GATATTGTGATGACTCAGTCTCCACTCTCCCTGCCCGTCACCCCTGGAGAGCCGGCCTCCATCTCCTGCAGGTCTAGTCAGAGCCTCCTGAATAGTAATGGATACAACTATTTGGATTGGTACCTGCAGAAGCCAGGGCGGTCTCCACAGCTCCTGATCTATTTGGGTTCTATTCGGGCCTCCGGGGTCCCTGACAGGTTCAGTGGCAGTGGATCAGGCACAGACTTTACACTGAAAATCAGCAGAGTGGAGGCTGAGGATGTTGGGGTTTATTACTGCATGCAAGCTCTACAAACTCCTCCGGCGTTCGGGCAAGGGACCAAGGTGGAAATCAAAC,IGKV2-28
GACTACAGTTCCGTCT-1,Clonotype_1050,IGHG1,GAGGTGCAGCTGGTGGAGTCCGGGGGAGGCTTGGTCCAGCCTGGGGGGTCCCTGAAACTCTCCTGTGCAGCCTCTGGGTTCGCCTTCAGTGACTCTCCTATGCACTGGGTCCGCCAGGCTCCCGGGAAAGGGCTGGAGTGGGTTGGTCGTATAAGAAGAAAAGCAAACAATTACGCGACAGAATATGCTGCGTCGGTGAAAGGCAGGTTCACCATCTCCAGAGATGATTCAAAGAACACGGCGTCTCTGTTTATGAACAGCCTGACAAACGAGGACACGGCCCTGTATTTCTGTACTCGTGAAAAAGGGTGGGACCAACTACGTTCTTTCGATCTCTGGGGCCAAGGGACCATGGTCATCGTCTCTGCAG,IGHV3-73,GATATTGTGATGACTCAGTCTCCACTCTCCCTGCCCGTCACCCCTGGAGAGCCGGCCTCCATCTCCTGCAGGTCTAGTCAGAGCCTCCTGAATAGTAATGGATACAACTATTTGGATTGGTACCTGCAGAAGCCAGGGCGGTCTCCACAGCTCCTGATCTATTTGGGTTCTATTCGGGCCTCCGGGGTCCCTGACAGGTTCAGTGGCAGTGGATCAGGCACAGACTTTACACTGAAAATCAGCAGAGTGGAGGCTGAGGATGTTGGGGTTTATTACTGCATGCAAGCTCTACAAACTCCTCCGGCGTTCGGGCAAGGGACCAAGGTGGAAATCAAAC,IGKV2-28
GCGCAACAGAGGGCTT-1,Clonotype_1036,IGHM,CAGGTGCAGCTGCAGGAGTCGGGCCCAGGACTGGTGAAGCCTTCGGAGACCCTGTCCCTCACCTGCACCGTCTCTGGTTACTCTATCAGCAGTGGTTACTACTGGGGCTGGATCCGGCAGCCCCCGGGGAAGGGGCTGGAGTGGATTGCGACTATCCATCATAGTGGGAGCACCTACTACAACCCGTCCCTCAAGAGTCGAGTCACCATATCAGTAAACACGTCCAAGAACCAGTTCTCCCTGAAGCTGAGCTCTGTGACCGCCGCAGACACGGCCGTGTATTACTGTGCGAGAGGCCTTTACCATGATAGTAGTGGTCAGAGGACCGATGGTTCTGACTACTGGGGCCAGGGAACCCTGGTCACTGTCTCCTCAG,IGHV4-38-2,CAGTCTGCCCTGACTCAGCCTGCCTCCGTGTCTGGGTCTCCTGGACAGTCGATCACCATCTCCTGCACTGGAACCAGCAGTGACGTTGGTGGTTATAAGTATGTCTCCTGGTACCAACAGCACCCAGGCAAAGCCCCCAAACTCATGATTTATGAGGTCAGTAATCGGCCCTCAGGGGTTTCTAATCGCTTCTCTGGCTCCAAGTCTGGCAACACGGCCTCCCTGACCATCTCTGGGCTCCAGGCTGAGGACGAGGCTGATTATTACTGCAGCTCATATACAAGCACCGCCACTCTGGTATTCGGCGGAGGGACCAAACTGACCGTCCTAG,IGLV2-14
GCTGCAGGTCCCGACA-1,Clonotype_1050,IGHG1,GAGGTGCAACTGGTGGAGTCCGGGGGAGGCTTGGTCCAGCCTGGGGGGTCCCTGAAACTCTCCTGTGCAGCCTCTGGGTTCGCCTTCAGTGACTCTCCTATGCACTGGGTCCGCCAGGCTCCCGGGAAAGGGCTGGAGTGGGTTGGTCGTATAAGAAGAAAAGCAAACAATTACGCGACAGAATATGCTGCGTCGGTGAAAGGCAGGTTCACCATCTCCAGAGATGATTCAAAGAACACGGCGTCTCTGTTTATGAACAGCCTGACAAACGAGGACACGGCCCTGTATTTCTGTACTCGTGAAAAAGGGTGGGACCAACTCCGTTCTTTCGATCTCTGGGGCCAAGGGACTATGGTCATCGTCTCTGCAG,IGHV3-73,GATATTGTGATGACTCAGTCTCCACTCTCCCTGCCCGTCACCCCTGGAGAGCCGGCCTCCATCTCCTGCAGGTCTAGTCAGAGCCTCCTGAATAGTAATGGATACAACTATTTGGATTGGTACCTGCAGAAGCCAGGGCGGTCTCCACAGCTCCTGATCTATTTGGGTTCTATTCGGGCCTCCGGGGTCCCTGACAGGTTTAGTGGCAGTGGATCAGGCACAGACTTTACACTGAAAATCAGCAGAGTGGAGGCTGAGGATGTTGGGGTTTATTACTGCATGCAAGCTCTACAAACTCCTCCGGCGTTCGGGCAAGGGACCAAGGTGGAAATCAAAC,IGKV2-28
GGGCATCTCAGCACAT-1,Clonotype_1036,IGHG1,CAGGTGCAGCTGCAGGAGTCGGGCCCAGGACTGGTGAAGCCTTCGGAGACCCTGTCCCTCACCTGCACCGTCTCTGGTTACTCTATTAGCAGTGGTTACTACTGGGGCTGGATCCGGCAGCCCCCGGGGAAGGGGCTGGAGTGGATTGCGACTATCCATCATAGTGGGAGCACCTACTACAACCCGTCCCTCAAGAGTCGAGTCACCATATCAGTAAATACGTCCAAGAACCAGTTCTCCCTGAAGTTGACCTCTGTGACCGCCGCAGACACGGCCGTGTATTACTGTGCGAGAGGCCTTTATTATGATAGTAGGGGTCAGAGGACCGATGGTTCTGACTACTGGGGCCAGGGAACCCTGGTCGCTGTCTCCTCAG,IGHV4-38-2,CAGTCTGCCCTGACTCAGCCTGCCTCCGTGTCTGGGTCTCCTGGACAGTCGATCACCATCTCCTGTACTGGAACCAGCAGTGACGTTGGTGGTTATAAGTATGTCTCCTGGTACCAACAACACTCAACCAAAGCCCCCAAACTCATAATTTATGAGGTCAGTTATCGGCCCTCAGGGGTTTCTAATCGCTTCTCCGGCTCCAAGTCTGGCAACACGGCCTTCCTGACCATCTCCGAACTCCAGACTGAGGACGAGGCTGATTATTACTGCAGCTCATATACACGCACCTCCACACTATTATTCGGCGGAGGGACCAAACTGACCGTCCTGC,IGLV2-14
GGTGTTAAGCTAACTC-1,Clonotype_1036,IGHM,CAGGTGCAGCTGCAGGAGTCGGGCCCAGGACTGGTGAAGCCTTCGGAGACCCTGTCCCTCACCTGCACCGTCTCTGGTTACTCTATCAGCAGTGGTTACTACTGGGGCTGGATCCGGCAGCCCCCGGGGAAGGGGCTGGAGTGGATTGCGACTATCCATCATAGTGGGAGCACCTACTACAACCCGTCCCTCAAGAGTCGAGTCACCATATCAGTAAACACGTCCAAGAACCACTTCTCCCTGAAGTTGAGCTCTGTGACCGCCGCAGACACGGCCGTGTATTACTGTGCGAGAGGCCTTTACTATGATAGTAGTGGTCAGAGGACCGATGGTTCTGACTACTGGGGCCAGGGAACCCTGGTCACTGTCTCCTCAG,IGHV4-38-2,CAGTCTGCCCTGACTCAGCCTGCCTCCGTGTCTGGGTCTCCTGGACAGTCGATCACCATCTCCTGCACTGGAACCAGCAGTGACGTTGGTGGTTATAAGTATGTCTCCTGGTACCAACAGCACCCAGGCAAAGCCCCCAAACTCATGATTTATGAGGTCAGTAATCGGCCCTCAGGGGTTTCTAATCGCTTCTCTGGCTCCAAGTCTGGCAACACGGCCTCCCTGACCATCTCTGGGCTCCAGGCTGAGGACGAGGCTGATTATTACTGCAGCTCATATACAAGCACCGCCACTCTGGTATTCGGCGGAGGGACCAAACTGACCGTCCTAG,IGLV2-14
GTTCATTGTGATGCCC-1,Clonotype_1050,IGHM,CAGGTGCAGCTGGTGCAGTCTGGGGCTGAGGTGAAGAAGCCTGGGGCCTCAGTGAAGGTCTCCTGCAAGGCTTCTGGATACACCTTCACCGGCTACTATATGCACTGGGTGCGACAGGCCCCTGGACAAGGGCTTGAGTGGATGGGATGGATCAACCCTAACAGTGGTGGCACAAACTATGCACAGAAGTTTCAGGGCAGGGTCACCATGACCAGGGACACGTCCATCAGCACAGCCTACATGGAGCTGAGCAGGCTGAGATCTGACGACACGGCCGTGTATTACTGTGCGAGAGGGAGCTCGACGTACTACTTTGACTACTGGGGCCAGGGAACCCTGGTCACCGTCTCCTCAG,IGHV1-2,GACATCCAGATGACCCAGTCTCCATCTTCCGTGTCTGCATCTGTAGGAGACAGAGTCACCATCACTTGTCGGGCGAGTCAGGGTATTAGCAGCTGGTTAGCCTGGTATCAGCAGAAACCAGGGAAAGCCCCTAAGCTCCTGATCTATGCTGCATCCAGTTTGCAAAGTGGGGTCCCATCAAGGTTCAGCGGCAGTGGATCTGGGACAGATTTCACTCTCACCATCAGCAGCCTGCAGCCTGAAGATTTTGCAACTTACTATTGTCAACAGGCTAACAGTTTCCCTTTCACTTTCGGCGGAGGGACCAAGGTGGAGATCAAAC,IGKV1-12
TCAATCTAGGAGTCTG-1,Clonotype_1036,IGHG1,CAGGTGCAGCTGCAGGAGTCGGGCCCAGGACTGGTGAAGCCTTCGGAGACCCTGTCCCTCACCTGCACCGTCTCTGGTTACTCTATCAGCAGTGGTTACTACTGGGGCTGGATCCGGCAGCCCCCGGGGAAGGGGCTGGAGTGGATTGCGACTGTCCATCATAGTGGGAGCACCTACTACAACCCGTCCCTCAAGAGTCGAGTCACCATATCAGTAAACACGTCCAAGAACCACTTCTCCCTGAAGCTGAACTCTGTGACCGCCGCAGACACGGCCGTGTATTACTGTGCGAGAGGCCTTTACTATGATAGTAGTGGTCAGAGGACCGATGGTTCTGACTACTGGGGCCAGGGAACCCTGGTCACTGTCTCCTCAG,IGHV4-38-2,CAGTCTGCCCTGACTCAGCCTGCCTCCGTGTCTGGGTCTCCTGGACAGTCGATCACCATCTCCTGCACTGGAACCAGCAATGACGTTGGTGGTTATAAGTATGTCTCCTGGTACCAACAGCACCCAGGCAAAGCCCCCAAACTCATGATTTATGAGGTCAGTAATCGGCCCTCAGGGGTTTCTAATCGCTTCTCTGGCTCCAAGTCTGGCAACACGGCCTCCCTGACCATCTCTGGGCTCCAGGCTGAGGACGAGGCTGATTATTACTGCAGCTCATATACAAGCACCGCCACTCTGGTATTCGGCGGAGGGACCAAACTGACCGTCCTAG,IGLV2-14
TGACGGCAGGCAATTA-1,Clonotype_1036,IGHM,CAGGTGCAGCTGCAGGAGTCGGGCCCAGGACTGGTGAAGCCTTCGGAGACCCTGTCCCTCACCTGCACCGTCTCTGGTTACTCTATCAGCAGTGGTTACTACTGGGGCTGGATCCGGCAGCCCCCGGGGAAGGGGCTGGAGTGGATTGCGACTATCCATCATAGTGGGAACACCTACTACAACCCGTCCCTCAAGAGTCGAGTCACCATATCAGTAAACACGTCCAAGAACCAGTTCTCCCTGAAGCTGAGCTCTGTGACCGCCGCAGACACGGCCGTGTATTACTGTGCGAGAGGCCTTTACCATGATAGTAGTGGTCAGAGGACCGATGGTTCTGACTACTGGGGCCAGGGAACCCTGGTCACTGTCTCCTCAG,IGHV4-38-2,CAGTCTGCCCTGACTCAGCCTGCCTCCGTGTCTGGGTCTCCTGGACAGTCGATCACCATCTCCTGCACTGGAACCAGCAGTGACGTTGGTGGTTATAAGTATGTCTCCTGGTACCAACAGCACCCAGGCAAAGCCCCCAAACTCATGATTTATGAGGTCAGTAATCGGCCCTCAGGGGTTTCTAATCGCTTCTCTGGCTCCAAGTCTGGCAACACGGCCTCCCTGACCATCTCTGGGCTCCAGGCTGAGGACGAGGCTGATTATTACTGCAGCTCATATACAAGGACCGCCACTCTGGTATTCGGCGGAGGGACCAAAGTGACCGTCCTAG,IGLV2-14
TGTGTTTAGCACAGGT-1,Clonotype_1036,IGHG1,CAGGTGCAGCTGCAGGAGTCGGGCCCAGGACTGGTGAAGCCTTCGGAGACCCTGTCCCTCACCTGCACCGTCTCTGGTTACTCTATCAGCAGTGGTTACTACTGGGGCTGGATTCGGCAGCCCCCGGGGAAGGGGCTGGAGTGGATTGCGACCATCCATCATAGTGGGAGCACCTACTACAACCCGTCCCTCAAGAGTCGAGTCACCATGTCAGTAAACACGTCCAAGAACCAGTTCTCCCTGAAGTTGAGCTCTGTGACCGCCGCAGACACGGCCGTGTATTACTGTGCGAGAGGCCTTTATTATGATAGTTGGGGTCAGAGGACCGATGGTTCTGACTACTGGGGCCAGGGAACCCTGGTCACTGTCTCCTCAG,IGHV4-38-2,CAGTCTGCCCTGACTCAGCCTGCCTCCGTGTCTGGGTCTCCTGGACAGTCGATCACCATCTCCTGTACTGGAACCAGCAGTGACGTTGGTGGTTATAAGTATGTCTCCTGGTACCAACAACACCCAACCAAAGCCCCCAAACTCATGATTTATGAGGTCAGTTATCGGCCCTCAGGGGTTTCTAATCGCTTCTCTGGCTCCAAGTCTGGCAACACGGCCTTCCTGACCATCTCCGAACTCCAGACTGAGGACGAGGCTGATTATTACTGCAGCTCATATACACGCACCTCCACGCTATTATTCGGCGGAGGGACCAAACTGACCGTCCTGC,IGLV2-14
TTAGGACAGGTGCTTT-1,Clonotype_1050,IGHG1,GAGGTGCAGTTGGTGGAGTCCGGGGGAGGCTTGGTCCAGCCTGGGGGGTCCCTGAAACTCTCCTGTGCAGCCTCTGGGTTCGCCTTCAGTGACTCTCCTATGCACTGGGTCCGCCAGGCTCCCGGGAAAGGGCTGGAGTGGGTTGGTCGCATAAGAAGAAAAGCAAACAATTACGCGACAGAATATGCTGCGTCGGTGAAAGGCAGGTTCACCATCTCCAGAGATGATTCAAAGAACACGGCGTCTCTGTTTATGAACAGCCTGACAAACGAGGACACGGCCCTGTATTTCTGTACTCGTGAAAAAGGGTGGGACCAACTACGTTCTTTCGATCTCTGGGGCCAAGGGACTATGGTCATCGTCTCCGCAG,IGHV3-73,GATATTGTGATGACTCAGTCTCCACTCTCCCTGCCCGTCACCCCTGGAGAGCCGGCCTCCATCTCCTGCAGGTCTAGTCAGAGCCTCCTGAATAGTAATGGATACAACTATTTGGATTGGTACCTGCAGAAGCCAGGGCGGTCTCCACAGCTCCTGATCTATTTGGGTTCTATTCGGGCCTCCGGGGTCCCTGACAGGTTCAGTGGCAGTGGATCAGGCACAGACTTTACACTGAAAATCAGCAGAGTGGAGGCTGAGGATGTTGGGGTTTATTACTGCATGCAAGCTCTACAAACTCCTCCGGCGTTCGGGCAAGGGACCAAGGTGGAAATCAAAC,IGKV2-28
TTATGCTGTACCCAAT-1,Clonotype_1036,IGHM,CAGGTGCAGCTGCAGGAGTCGGGCCCAGGACTGGTGAAGCCTTCGGAGACCCTGTCCCTCACCTGCGCTGTCTCTGGTTACTCCATCAGCAGTGGTTACTACTGGGGCTGGATCCGGCAGCCCCCAGGGAAGGGGCTGGAGTGGATTGGGAGTATCTATCATAGTGGGAGCACCTACTACAACCCGTCCCTCAAGAGTCGAGTCACCATATCAGTAGACACGTCCAAGAACCAGTTCTCCCTGAAGCTGAGCTCTGTGACCGCCGCAGACACGGCCGTGTATTACTGTGGGGGCAATACTATGATAGTAGTGGTTACCTCCGGGGGCGCTTTTGATATCTGGGGCCAAGGGACAATGGTCACCGTCTCTTCAG,IGHV4-38-2,GAAATAGTGATGACGCAGTCTCCAGCCACCCTGTCTGTGTCTCCAGGGGAAAGAGCCACCCTCTCCTGCAGGGCCAGTCAGAGTGTTAGCAGCAACTTAGCCTGGTACCAGCAGAAACCTGGCCAGGCTCCCAGGCTCCTCATCTATGGTGCATCCACCAGGGCCACTGGTATCCCAGCCAGGTTCAGTGGCAGTGGGTCTGGGACAGAGTTCACTCTCACCATCAGCAGCCTGCAGTCTGAAGATTTTGCAGTTTATTACTGTCAGCAGTATAATAACTGGCCTCCGGACACTTTTGGCCAGGGGACCAAGCTGGAGATCAAAC,IGKV3-15
TTCGAAGGTAGCTAAA-1,Clonotype_1036,IGHG1,CAGGTGCAGCTGCAGGAGTCGGGCCCAGGACTGGTGAAGCCTTCGGAGACCCTGTCCCTCACCTGCACCGTCTCTGGTTACTCTATCAGCAGTGGTTACTACTGGGGCTGGATCCGGCAGCCCCCGGGGAAGGGGCTGGAGTGGATTGCGACTATCCATCATAGTGGGAGCACCTACTACAACCCGTCCCTCAAGAATCGAGTCACCATATCAGTAAACTCGTCCAAGAACCAGTTCTCCCTGAAGCTGAGCTCTGTGACCGCCGCAGACACGGCCGTGTATTACTGTGCGAGAGGCCTTTACCATGATAGAAGTGGTCAGAGGACCGATGGTTCTGACTACTGGGGCCAGGGAACCCTGGTCACTGTCTCCTCAG,IGHV4-38-2,CAGTCTGCCCTGACTCAGCCTGCCTCCGTGTCTGGGTCTCCTGGACAGTCGATCACCATCTCCTGCACTGGAACCAGCAGTGACGTTGGTGGTTATAAGTATGTCTCCTGGTACCAACAACACCCAGGCAAAGCCCCCAAACTCATCATTTATGAAGTCAGTAATCGGCCCTCAGGGGTTTCTAATCGCTTCTCTGGCTCCAAGTCTGGCAACACGGCCTCCCTGACCATCTCTGGGCTCCAGGCTGAGGACGAGTCTGATTATTACTGCAGCTCATATACAAGCACCGCCACTCTGGTATTCGGCGGAGGGACCAAACTGACCGTCCTAG,IGLV2-14
TTGCCGTTCCGTTGTC-1,Clonotype_1036,IGHM,CAGGTGCAGCTGCAGGAGTCGGGCCCAGGACTGGTGAAGCCTTCGGAGACCCTGTCCCTCACCTGCACCGTCTCTGGTTACTCTATCAGCAGTGGTTACTACTGGGGCTGGATCCGGCAGCCCCCGGGGAAGGGGCTGGAGTGGATTGCGACTATCCATCATAGTGGGAACACCTACTACAACCCGTCCCTCAAGAGTCGAGTCACCATATCAGTAAACACGTCCAAGAACCAGTTCTCCCTGAAGCTGAGCTCTGTGACCGCCGCAGACACGGCCGTGTATTACTGTGCGAGAGGCCTTTACCATGATAGTAGTGGTCAGAGGACCGATGGTTCTGACTACTGGGGCCAGGGAACCCTGGTCACTGTCTCCTCAG,IGHV4-38-2,CAGTCTGCCCTGACTCAGCCTGCCTCCGTGTCTGGGTCTCCTGGACAGTCGATCACCATCTCCTGCACTGGAACCAGCAGTGACGTTGGTGGTTATAAGTATGTCTCCTGGTACCAACAGCACCCAGGCAAAGCCCCCAAACTCATGATTTATGAGGTCAGTAATCGGCCCTCAGGGGTTTCTAATCGCTTCTCTGGCTCCAAGTCTGGCAACACGGCCTCCCTGACCATCTCTGGGCTCCAGGCTGAGGACGAGGCTGATTATTACTGCAGCTCATATACAAGGACCGCCACTCTGGTATTCGGCGGAGGGACCAAAGTGACCGTCCTAG,IGLV2-14
TTTGTCAGTCTTGATG-1,Clonotype_1050,IGHG1,GAGGTGCAACTGGTGGAGTCCGGGGGAGGCTTGGTCCAGCCTGGGGGGTCCCTGAAACTCTCCTGTGCAGCCTCTGGGTTCGCCTTCAGTGACTCTCCTATGCACTGGGTCCGCCAGGCTCCCGGGAAAGGGCTGGAGTGGGTTGGTCGTATAAGAAGAAAAGCAAACAATTACGCGACAGAATATGCTGCGTCGGTGAAAGGCAGGTTCACCATCTCCAGAGATGATTCAAAGAACACGGCGTCTCTGTTTATGAACAGCCTGACAAACGAGGACACGGCCCTGTATTTCTGTACTCGTGAAAAAGGGTGGGACCAACTCCGTTCTTTCGATCTCTGGGGCCAAGGGACTATGGTCATCGTCTCTGCAG,IGHV3-73,GATATTGTGATGACTCAGTCTCCACTCTCCCTGCCCGTCACCCCTGGAGAGCCGGCCTCCATCTCCTGCAGGTCTAGTCAGAGCCTCCTGAATAGTAATGGATACAACTATTTGGATTGGTACCTGCAGAAGCCAGGGCGGTCTCCACAGCTCCTGATCTATTTGGGTTCTATTCGGGCCTCCGGGGTCCCTGACAGGTTTAGTGGCAGTGGATCAGGCACAGACTTTACACTGAAAATCAGCAGAGTGGAGGCTGAGGATGTTGGGGTTTATTACTGCATGCAAGCTCTACAAACTCCTCCGGCGTTCGGGCAAGGGACCAAGGTGGAAATCAAAC,IGKV2-28
